year	gdp
1980	477.25677594393
1981	430.70285130301
1982	427.27264566929
1983	443.04237378888
1984	437.88768900154
1985	452.21749214076
1986	640.38635277309
1987	805.71312817448
1988	891.60895715561
1989	928.66133220435
1990	1181.2226535229
1991	1246.2201560793
1992	1320.1616449332
1993	1064.9580755506
1994	1099.2166882805
1995	1174.662070605
1996	1312.4265277952
1997	1241.8796043656
1998	1270.0525259284
1999	1252.4466598338
2000	1146.6768942097
2001	1168.0234260564
2002	1276.7693384493
