year	output_gap
1980	5.396
1981	-0.922
1982	-2.35
1983	-3.552
1984	-2.86
1985	-2.23943653364633
1986	-1.49327645493069
1987	-0.89826278281403
1988	0.883433708765202
1989	1.80049547460728
1990	1.17193296523577
1991	0.257963544444073
1992	-1.2951544657774
1993	-3.88632250102791
1994	-3.09614149024212
1995	-1.6694842351249
1996	-2.10642020947033
1997	-1.4900981236551
1998	-1.11333027034442
1999	-0.614557156474183
2000	2.27689246551535
2001	2.90442679593554
2002	1.99928822503925
