year	us_gdp
1980	2857.307
1981	3207.041
1982	3343.789
1983	3634.038
1984	4037.613
1985	4338.979
1986	4579.631
1987	4855.215
1988	5236.438
1989	5641.58
1990	5963.144
1991	6158.129
1992	6520.327
1993	6858.559
1994	7287.236
1995	7639.749
1996	8073.122
1997	8577.554457
1998	9062.818202
1999	9631.174489
2000	10250.947997
2001	10581.929774
2002	10929.112955
